High Trail,Data Analyst,https://www.linkedin.com/jobs/view/4284429873/,,United States,2025-08-15 15:38:51.315245
Novaia,Data Engineer - 3+ Years,https://www.linkedin.com/jobs/view/4284135680/,,India,2025-08-15 15:48:15.505667
Impetus,Data Engineer,https://www.linkedin.com/jobs/view/4280131448/,,India,2025-08-15 15:49:44.741910
Randstad Enterprise,Data Engineer,https://www.linkedin.com/jobs/view/4277704619/,,Remote,2025-08-15 15:58:49.652042
Namasys Analytics,Data Engineer (AWS | Python | PySpark | SQL),https://www.linkedin.com/jobs/view/4282799287/,,Remote,2025-08-15 16:02:03.703056
Randstad Enterprise,Data Engineer,https://www.linkedin.com/jobs/view/4277704619/,,Remote,2025-08-15 16:16:08.863272
IntraEdge,Data Engineer,https://www.linkedin.com/jobs/view/4265991889/,,Remote,2025-08-15 16:17:56.264689
Wellborn Technologies,Data Engineer,https://www.linkedin.com/jobs/view/4273208597/,,Remote,2025-08-15 16:18:11.763181
CodeDazzler Technologies,Data Analyst (Remote),https://www.linkedin.com/jobs/view/4280626931/,,India,2025-08-15 17:10:20.154687
"Pinnacle Group, Inc.",ETL Developer,https://www.linkedin.com/jobs/view/4258432627/,,Remote,2025-08-15 17:23:39.939565
,,,,Remote,2025-08-15 17:23:46.500248
Vish Gyana Technology Solutions,Python Developer,https://www.linkedin.com/jobs/view/4285712468/,,India,2025-08-15 18:06:34.124683
OptiFlux,ML Ops and Data Engineer,https://www.linkedin.com/jobs/view/4282538991/,,India,2025-08-15 18:07:22.843084
Minivet.ai,Software Engineer,https://www.linkedin.com/jobs/view/4285723869/,,India,2025-08-15 18:08:11.039470
Amrapali.org,Software Engineer,https://www.linkedin.com/jobs/view/4285728430/,,India,2025-08-15 18:08:34.579255
