CCS Global Tech,Entry Level Data Analyst,https://www.linkedin.com/jobs/view/3255650992/,,United States,2025-08-15 15:37:06.494664
High Trail,Data Analyst,https://www.linkedin.com/jobs/view/4284429873/,,United States,2025-08-15 15:38:51.316812
Coforge,AWS Developer,https://www.linkedin.com/jobs/view/4266984718/,,India,2025-08-15 15:46:53.805999
Novaia,Data Engineer - 3+ Years,https://www.linkedin.com/jobs/view/4284135680/,,India,2025-08-15 15:48:15.507313
Impetus,Data Engineer,https://www.linkedin.com/jobs/view/4280131448/,,India,2025-08-15 15:49:44.742586
EXL,Data Engineer,https://www.linkedin.com/jobs/view/4269625361/,,Remote,2025-08-15 15:55:51.151277
Randstad Enterprise,Data Engineer,https://www.linkedin.com/jobs/view/4277704619/,,Remote,2025-08-15 15:58:49.653221
Matrix USA,AWS Developer,https://www.linkedin.com/jobs/view/4281742601/,,Remote,2025-08-15 16:00:25.666377
Namasys Analytics,Data Engineer (AWS | Python | PySpark | SQL),https://www.linkedin.com/jobs/view/4282799287/,,Remote,2025-08-15 16:02:03.703689
EXL,Data Engineer,https://www.linkedin.com/jobs/view/4269625361/,,Remote,2025-08-15 16:14:34.490369
Qubryx,AWS Data Engineer,https://www.linkedin.com/jobs/view/4285316196/,,Remote,2025-08-15 16:14:42.673633
Randstad Enterprise,Data Engineer,https://www.linkedin.com/jobs/view/4277704619/,,Remote,2025-08-15 16:16:08.865275
Matrix USA,AWS Developer,https://www.linkedin.com/jobs/view/4281742601/,,Remote,2025-08-15 16:16:17.351553
Namasys Analytics,Data Engineer (AWS | Python | PySpark | SQL),https://www.linkedin.com/jobs/view/4282799287/,,Remote,2025-08-15 16:16:25.096811
IntraEdge,Data Engineer,https://www.linkedin.com/jobs/view/4265991889/,,Remote,2025-08-15 16:17:56.265443
Wellborn Technologies,Data Engineer,https://www.linkedin.com/jobs/view/4273208597/,,Remote,2025-08-15 16:18:11.763771
Incedo Inc.,ETL Tester,https://www.linkedin.com/jobs/view/4269374332/,,India,2025-08-15 17:05:44.444423
Lepide,Database Developer,https://www.linkedin.com/jobs/view/4279899730/,,India,2025-08-15 17:07:18.996461
Astreya,Data Engineer,https://www.linkedin.com/jobs/view/4274383750/,,India,2025-08-15 17:08:55.660583
CodeDazzler Technologies,Data Analyst (Remote),https://www.linkedin.com/jobs/view/4280626931/,,India,2025-08-15 17:10:20.156293
Astreya,Data Engineer,https://www.linkedin.com/jobs/view/4274383750/,,Remote,2025-08-15 17:17:58.160882
CodeDazzler Technologies,Data Analyst (Remote),https://www.linkedin.com/jobs/view/4280626931/,,Remote,2025-08-15 17:19:34.055734
WebBuddy,Data Analyst,https://www.linkedin.com/jobs/view/4276888429/,,Remote,2025-08-15 17:21:16.017411
Blutic,Data Integration Developer (Level 3),https://www.linkedin.com/jobs/view/4280999359/,,Remote,2025-08-15 17:22:49.965096
"Pinnacle Group, Inc.",ETL Developer,https://www.linkedin.com/jobs/view/4258432627/,,Remote,2025-08-15 17:23:39.940828
,,,,Remote,2025-08-15 17:23:46.501390
Comptech Associates,Data Engineer,https://www.linkedin.com/jobs/view/4285928297/,,India,2025-08-15 17:28:03.995595
,,,,India,2025-08-15 17:28:08.179918
,,,,India,2025-08-15 17:28:13.907965
,,,,India,2025-08-15 17:28:19.046998
,,,,India,2025-08-15 17:28:23.597115
,,,,India,2025-08-15 17:28:28.672504
,,,,India,2025-08-15 17:28:33.219288
,,,,India,2025-08-15 17:28:37.546635
,,,,India,2025-08-15 17:28:41.775125
,,,,India,2025-08-15 17:28:47.242334
,,,,India,2025-08-15 17:28:51.437896
,,,,India,2025-08-15 17:28:55.561088
,,,,India,2025-08-15 17:28:59.672491
,,,,India,2025-08-15 17:29:04.156595
,,,,India,2025-08-15 17:29:09.072704
,,,,India,2025-08-15 17:29:14.346512
,,,,India,2025-08-15 17:29:18.861688
,,,,India,2025-08-15 17:29:24.935786
,,,,India,2025-08-15 17:29:29.727898
,,,,India,2025-08-15 17:29:34.992579
,,,,India,2025-08-15 17:29:39.247498
,,,,India,2025-08-15 17:29:44.546074
,,,,India,2025-08-15 17:29:48.978578
,,,,India,2025-08-15 17:29:54.006220
,,,,India,2025-08-15 17:29:58.455653
US Client,Senior Data Engineer,https://www.linkedin.com/jobs/view/4286422872/,,India,2025-08-15 17:36:48.311769
EXL,Data Engineer _ML Operations,https://www.linkedin.com/jobs/view/4282831205/,,India,2025-08-15 17:38:10.772917
Cozzera,Data Engineer,https://www.linkedin.com/jobs/view/4285727322/,,India,2025-08-15 17:39:56.490675
Maitsys,Power BI Developer,https://www.linkedin.com/jobs/view/4286164530/,,India,2025-08-15 17:41:29.171314
Talent Corner HR Services Pvt Ltd,Senior Data Engineer,https://www.linkedin.com/jobs/view/4282827368/,,India,2025-08-15 17:43:04.124621
Artmac,Junior Power BI Developer,https://www.linkedin.com/jobs/view/4286610027/,,India,2025-08-15 17:44:42.729718
Zeza Technologies,Data Engineer,https://www.linkedin.com/jobs/view/4285480748/,,India,2025-08-15 17:45:43.940160
Acme Services,AWS Data Engineer,https://www.linkedin.com/jobs/view/4286654872/,,India,2025-08-15 17:47:08.834926
World Wide Technology,Data Engineer,https://www.linkedin.com/jobs/view/4270729261/,,India,2025-08-15 17:48:06.634445
WNS,Deputy Manager-Analytics- Tableau developer - Bangalore,https://www.linkedin.com/jobs/view/4286209294/,,India,2025-08-15 17:50:45.752283
iQuanta,DevOps Engineer,https://www.linkedin.com/jobs/view/4286473078/,,India,2025-08-15 17:50:53.427260
SGSN Associates Pvt Ltd,Python Developer,https://www.linkedin.com/jobs/view/4286459330/,,India,2025-08-15 17:52:32.860429
VerticalServe,Cloud Platform Engineer (5+ Years),https://www.linkedin.com/jobs/view/4286611042/,,India,2025-08-15 17:54:17.114627
Hatchtra Innotech Pvt. Ltd.,Senior Data Engineer,https://www.linkedin.com/jobs/view/4285724525/,,India,2025-08-15 17:55:20.716982
CloudNow Technologies,DevOps Engineer,https://www.linkedin.com/jobs/view/4285706408/,,India,2025-08-15 17:56:57.426272
Bounteous,Python Developer - Remote,https://www.linkedin.com/jobs/view/4285918331/,,India,2025-08-15 17:58:41.177139
Desi Skill Hub,Associate Software Engineer,https://www.linkedin.com/jobs/view/4286450348/,,India,2025-08-15 17:59:46.814953
Withum,Data Engineer III - Innovation - Admin,https://www.linkedin.com/jobs/view/4281657348/,,India,2025-08-15 18:02:05.577382
NS Ventures,Python Developer AI ML,https://www.linkedin.com/jobs/view/4285738105/,,India,2025-08-15 18:03:58.323237
Eqvista,Junior Software Engineer,https://www.linkedin.com/jobs/view/4282897827/,,India,2025-08-15 18:05:43.595411
Vish Gyana Technology Solutions,Python Developer,https://www.linkedin.com/jobs/view/4285712468/,,India,2025-08-15 18:06:34.125670
OptiFlux,ML Ops and Data Engineer,https://www.linkedin.com/jobs/view/4282538991/,,India,2025-08-15 18:07:22.843659
Minivet.ai,Software Engineer,https://www.linkedin.com/jobs/view/4285723869/,,India,2025-08-15 18:08:11.040164
Amrapali.org,Software Engineer,https://www.linkedin.com/jobs/view/4285728430/,,India,2025-08-15 18:08:34.582132
